{"cameraMode":{"drawMode":0,"name":"Shaded","section":"Shading Mode"},"sceneLighting":true,"audioPlay":false,"sceneViewState":{"m_AlwaysRefresh":false,"showFog":true,"showSkybox":false,"showFlares":true,"showImageEffects":true,"showParticleSystems":true,"showVisualEffectGraphs":true,"m_FxEnabled":true},"in2DMode":false,"pivot":{"x":0.8165073990821838,"y":0.8420200943946838,"z":-0.014325916767120362},"rotation":{"x":-0.37527361512184145,"y":-0.08667078614234925,"z":0.03511732071638107,"w":-0.922351598739624},"size":0.6000760197639465,"orthographic":false}