{"cameraMode":{"drawMode":0,"name":"Shaded","section":"Shading Mode"},"sceneLighting":true,"audioPlay":false,"sceneViewState":{"m_AlwaysRefresh":false,"showFog":true,"showSkybox":true,"showFlares":true,"showImageEffects":true,"showParticleSystems":true,"showVisualEffectGraphs":true,"m_FxEnabled":true},"in2DMode":false,"pivot":{"x":1.4446437358856202,"y":-17.65313720703125,"z":69.47608184814453},"rotation":{"x":0.13992799818515778,"y":0.016631022095680238,"z":-0.002382882172241807,"w":0.9900869727134705},"size":41.39857482910156,"orthographic":false}