{"cameraMode":{"drawMode":0,"name":"Shaded","section":"Shading Mode"},"sceneLighting":false,"audioPlay":false,"sceneViewState":{"m_AlwaysRefresh":false,"showFog":true,"showSkybox":false,"showFlares":true,"showImageEffects":true,"showParticleSystems":true,"showVisualEffectGraphs":true,"m_FxEnabled":true},"in2DMode":false,"pivot":{"x":-63.30866622924805,"y":1.5996730327606202,"z":-4.537502765655518},"rotation":{"x":0.028487835079431535,"y":-0.023986969143152238,"z":0.0006834394880570471,"w":0.9992960691452026},"size":2.9392266273498537,"orthographic":false}