{"cameraMode":{"drawMode":0,"name":"Shaded","section":"Shading Mode"},"sceneLighting":true,"audioPlay":false,"sceneViewState":{"m_AlwaysRefresh":false,"showFog":true,"showSkybox":true,"showFlares":true,"showImageEffects":true,"showParticleSystems":true,"showVisualEffectGraphs":true,"m_FxEnabled":true},"in2DMode":false,"pivot":{"x":0.0526447631418705,"y":24.679733276367189,"z":-65.11190032958985},"rotation":{"x":-0.12263002246618271,"y":0.03067043237388134,"z":-0.003789978101849556,"w":-0.9919604659080505},"size":6.16532564163208,"orthographic":false}